9,PARENT,0,NFS,HEMOGRAMME,"Devant toute thrombopénie isolée à l'examen microscopique, la recherche de Plasmodium est faite systématiquement dans une région endémique du paludisme.",14000,1,2,1,NULL,NULL,1,NULL,2024-10-13 08:10:30,2024-10-13 08:10:30
17,NORMAL,9,HG,Hémoglobine,,0,0,2,4,"{""val_ref"":""120 - 160"",""unite"":""  g\/l""}",99,1,NULL,2024-10-14 08:10:30,2024-10-14 08:10:30
18,NORMAL,9,HEMATOCRITE,Hématocrite,,0,0,2,4,"{""val_ref"":""40 - 55"",""unite"":""  %""}",99,1,NULL,2024-10-15 08:10:30,2024-10-15 08:10:30
19,NORMAL,9,VGM,VGM,,0,0,1,4,"{""val_ref"":""80 - 100"",""unite"":""  \u00b53""}",99,1,NULL,2024-10-16 08:10:30,2024-10-16 08:10:30
20,CHILD,16,GB0,Globules blancs,,0,0,2,4,"{""val_ref"":""4.00-10"",""unite"":""G\/l""}",99,1,NULL,2024-10-17 08:10:30,2024-10-17 08:10:30
21,NORMAL,9,TCMH,TCMH,,0,0,2,4,"{""val_ref"":""27- 41"",""unite"":""  pg""}",99,1,NULL,2024-10-18 08:10:30,2024-10-18 08:10:30
25,PARENT,0,FT,FT,,1000,0,4,1,NULL,99,1,NULL,2024-10-19 08:10:30,2024-10-19 08:10:30
28,PARENT,0,HB,HEPATITE  B,Technique ELISA,22000,1,4,6,NULL,NULL,1,NULL,2024-10-20 08:10:30,2024-10-20 08:10:30
29,NORMAL,28,Ag HBs,Antigène HBs,,22000,0,4,2,"{""0"":""NEGATIF"",""1"":""POSITIF_2"",""val_ref"":""""}",99,1,NULL,2024-10-21 08:10:30,2024-10-21 08:10:30
30,NORMAL,28,Ag HBe,Antigène HBe,,30000,0,4,2,"{""0"":""NEGATIF"",""1"":""POSITIF_2"",""val_ref"":""""}",99,1,NULL,2024-10-22 08:10:30,2024-10-22 08:10:30
31,NORMAL,28,AcAnti-HBc,Anticorps anti-HBc,,30000,0,4,2,"{""0"":""NEGATIF"",""1"":""POSITIF_2"",""val_ref"":""""}",99,1,NULL,2024-10-23 08:10:30,2024-10-23 08:10:30
32,NORMAL,28,Ac antiHBe,Anticorps anti-HBe,,30000,0,4,2,"{""0"":""NEGATIF"",""1"":""POSITIF_2"",""val_ref"":""""}",99,1,NULL,2024-10-24 08:10:30,2024-10-24 08:10:30
33,NORMAL,28,Ac antiHBs,Anticorps anti-HBs,,30000,0,4,2,"{""0"":""NEGATIF"",""1"":""POSITIF_2"",""val_ref"":""""}",99,1,NULL,2024-10-25 08:10:30,2024-10-25 08:10:30
34,PARENT,0, KAOP,"Recherche des Kystes, Oeufs, Parasites dans les selles",,12000,1,3,1,NULL,99,1,NULL,2024-10-26 08:10:30,2024-10-26 08:10:30
36,NORMAL,34,SKMacroscopique,Aspect macroscopique,,0,1,3,8,"Molle
Liquide
Normal
Dur
Autre",99,1,NULL,2024-10-27 08:10:30,2024-10-27 08:10:30
38,NORMAL,0,GLY,Glycémie,,6000,1,1,4,"{""val_ref"":""3,89 - 6,05"",""unite"":""  mmol\/l""}",NULL,1,NULL,2024-10-28 08:10:30,2024-10-28 08:10:30
39,NORMAL,0,CREAT,Créatininémie,,5000,1,1,4,"{""val_ref"":"" H: 62-123    F: 53-97   "",""unite"":""  \u00b5mol\/l""}",99,1,NULL,2024-10-29 08:10:30,2024-10-29 08:10:30
40,NORMAL,0,CA,Calcémie,,6500,1,1,4,"{""val_ref"":""A: 2.1- 2.5        E: 2.1- 2.7      Nn\u00e9: 1.9- 2.6"",""unite"":""  mmol\/L ""}",NULL,1,NULL,2024-10-30 08:10:30,2024-10-30 08:10:30
41,NORMAL,0,MG,Magnésémie,,6500,1,1,4,"{""val_ref"":""0.66-1.07"",""unite"":""  mmol\/l""}",NULL,1,NULL,2024-10-31 08:10:30,2024-10-31 08:10:30
42,NORMAL,0,URIC,Uricémie ,,5000,1,1,4,"{""val_ref"":""155-428        "",""unite"":""   \u00b5mol\/l""}",NULL,1,NULL,2024-11-01 08:10:30,2024-11-01 08:10:30
43,NORMAL,0,Protidémie,Protidémie,,5000,1,1,4,"{""val_ref"":""65-80"",""unite"":""g\/l""}",NULL,1,NULL,2024-11-02 08:10:30,2024-11-02 08:10:30
44,NORMAL,0,Alb,Albuminémie,,6500,1,1,4,"{""val_ref"":""35-50"",""unite"":""  g\/l""}",NULL,1,NULL,2024-11-03 08:10:30,2024-11-03 08:10:30
45,NORMAL,0,Urée,Azotémie,,5000,1,1,4,"{""val_ref"":""Adulte : 2.5 - 6.6   "",""unite"":""  mmol\/L""}",NULL,1,NULL,2024-11-04 08:10:30,2024-11-04 08:10:30
46,NORMAL,0,Amylasémie,Amylasémie,,6000,1,1,4,"{""val_ref"":""22-80"",""unite"":""  UI\/L""}",NULL,1,NULL,2024-11-05 08:10:30,2024-11-05 08:10:30
47,NORMAL,0,Amyl,Amylasurie,,100,0,1,4,"{""val_ref"":""N<450"",""unite"":""U\/l""}",NULL,1,NULL,2024-11-06 08:10:30,2024-11-06 08:10:30
48,NORMAL,0,ASAT,ASAT,,7000,1,1,4,"{""val_ref"":""1- 40"",""unite"":""  UI\/l""}",NULL,1,NULL,2024-11-07 08:10:30,2024-11-07 08:10:30
49,NORMAL,0,ALAT,ALAT,,7000,1,1,4,"{""val_ref"":""1-45"",""unite"":""  UI\/l""}",NULL,1,NULL,2024-11-08 08:10:30,2024-11-08 08:10:30
50,NORMAL,0,GGT,GGT,,10000,1,1,4,"{""val_ref"":""H: 10-50       F: 8-35"",""unite"":""  UI\/l""}",NULL,1,NULL,2024-11-09 08:10:30,2024-11-09 08:10:30
51,NORMAL,278,BT,Bilirubine totale,,6500,1,1,4,"{""val_ref"":""1-18.81"",""unite"":""  \u00b5mol\/l""}",96,1,NULL,2024-11-10 08:10:30,2024-11-10 08:10:30
52,NORMAL,278,BC,Bilirubine conjuguée (directe),,6500,1,1,4,"{""val_ref"":""1-4.27"",""unite"":""  \u00b5mol\/l""}",99,1,NULL,2024-11-11 08:10:30,2024-11-11 08:10:30
54,NORMAL,0,PAL,Phosphatase alcaline,,6500,1,1,4,"{""val_ref"":""26-117"",""unite"":""  U\/l""}",NULL,1,NULL,2024-11-12 08:10:30,2024-11-12 08:10:30
55,NORMAL,0,PSA total,PSA total,"Le taux de PSA total peut être au dessus de la normale en cas d'une prostatite, d'une tumeur bénigne ou maligne de la prostate. Résultat à interpréter avec la clinique.",34000,1,1,4,"{""val_ref"":""n<4"",""unite"":""  ng\/ml""}",NULL,1,NULL,2024-11-13 08:10:30,2024-11-13 08:10:30
56,NORMAL,0,Fe,Fer sérique,,8000,1,1,4,"{""val_ref"":""H: 10.7-31             F: 9-30"",""unite"":""  \u00b5mol\/l""}",NULL,1,NULL,2024-11-14 08:10:30,2024-11-14 08:10:30
57,NORMAL,282,CholTotal,Cholestérol Total,,5000,1,1,4,"{""val_ref"":""< 5.18"",""unite"":""  mmol\/L ""}",97,1,NULL,2024-11-15 08:10:30,2024-11-15 08:10:30
58,NORMAL,282,CHOL_HDL,HDL Cholestérol,,7500,1,1,4,"{""val_ref"":""H: 0.9-1.4   F: 1.1-1.6"",""unite"":""  mmol\/L  ""}",98,1,NULL,2024-11-16 08:10:30,2024-11-16 08:10:30
59,NORMAL,282,COL_LDL,LDL Cholestérol,,9500,1,1,4,"{""val_ref"":""3.1- 4,4"",""unite"":""  mmol\/l""}",99,1,NULL,2024-11-17 08:10:30,2024-11-17 08:10:30
60,NORMAL,0,TRIG,Triglycéridémie,,6500,1,1,4,"{""val_ref"":""<1.70"",""unite"":""  mmol\/L""}",99,1,NULL,2024-11-18 08:10:30,2024-11-18 08:10:30
63,NORMAL,0,T4,T4 libre,,34000,1,7,4,"{""val_ref"":""66 - 181"",""unite"":""nmol\/l""}",NULL,1,NULL,2024-11-19 08:10:30,2024-11-19 08:10:30
65,PARENT,0,IONO,IONOGRAMME SANGUIN,La longue pose de garrot en cas de prélèvement sanguin difficile peut faire augmenter le taux de Potassium au delà de la valeur normale.,16000,1,1,1,NULL,NULL,1,NULL,2024-11-20 08:10:30,2024-11-20 08:10:30
66,NORMAL,65,Na,Sodium,,100,1,1,4,"{""val_ref"":""135 - 148"",""unite"":""  mmol\/l""}",99,1,NULL,2024-11-21 08:10:30,2024-11-21 08:10:30
67,NORMAL,65,K,Potassium,,0,1,1,4,"{""val_ref"":""3.50-5.30"",""unite"":""  mmol\/l""}",99,1,NULL,2024-11-22 08:10:30,2024-11-22 08:10:30
68,NORMAL,65,Cl,Chlore,,0,1,1,4,"{""val_ref"":""98-107"",""unite"":""  mmol\/l""}",99,1,NULL,2024-11-23 08:10:30,2024-11-23 08:10:30
69,PARENT,0,BU,BIOCHIMIE URINAIRE,,700,1,1,6,NULL,NULL,1,NULL,2024-11-24 08:10:30,2024-11-24 08:10:30
70,NORMAL,69,protéine-bu,Protéinurie,,100,1,1,8,"Positif +
Positif  ++
Positif  +++",99,1,NULL,2024-11-25 08:10:30,2024-11-25 08:10:30
71,NORMAL,69,Glucose,Glucose,,100,1,1,8,"Positif +
Positif  ++
Positif  +++",99,1,NULL,2024-11-26 08:10:30,2024-11-26 08:10:30
72,NORMAL,69,Acétone,Acétone,,100,1,1,8,"Positif +
Positif  ++
Positif  +++",99,1,NULL,2024-11-27 08:10:30,2024-11-27 08:10:30
73,NORMAL,69,Nitrites,Nitrites,,100,1,1,8,"Positif +
Positif  ++
Positif  +++",99,1,NULL,2024-11-28 08:10:30,2024-11-28 08:10:30
74,NORMAL,69,Sang,Sang,,200,1,1,8,"Positif +
Positif  ++
Positif  +++",99,1,NULL,2024-11-29 08:10:30,2024-11-29 08:10:30
75,NORMAL,69,Urobiline,Urobiline,,100,1,1,8,"Positif +
Positif  ++
Positif  +++",99,1,NULL,2024-11-30 08:10:30,2024-11-30 08:10:30
76,NORMAL,69,Leucocyte,Leucocyte,,0,1,1,8,"Positif +
Positif  ++
Positif  +++",99,1,NULL,2024-12-01 08:10:30,2024-12-01 08:10:30
77,PARENT,0,LIQPLE,LIQUIDE PLEURAL,La formule leucocytaire n'est pas effectuée lorsque le taux des leucocytes est inférieur à 70 /mm3,1300,1,1,6,NULL,NULL,1,NULL,2024-12-02 08:10:30,2024-12-02 08:10:30
78,NORMAL,77,Protide,Protide,,300,1,1,4,"{""val_ref"":"""",""unite"":""g\/l""}",99,1,NULL,2024-12-03 08:10:30,2024-12-03 08:10:30
86,PARENT,0,HSTASE,HEMOSTASE,,32000,1,2,6,NULL,NULL,1,NULL,2024-12-04 08:10:30,2024-12-04 08:10:30
88,NORMAL,86,Témoin,Témoin,,0,1,2,5,"{""val_ref"":"""",""unite"":""""}",99,1,NULL,2024-12-05 08:10:30,2024-12-05 08:10:30
90,NORMAL,86,TQ,TQ (temps de Quick),,0,1,2,5,"{""val_ref"":"""",""unite"":""""}",99,1,NULL,2024-12-06 08:10:30,2024-12-06 08:10:30
91,NORMAL,86,TP,TP (taux de prothrombine),,6000,1,2,5,"{""val_ref"":""70-100"",""unite"":""  %""}",99,1,NULL,2024-12-07 08:10:30,2024-12-07 08:10:30
92,NORMAL,86,INR,INR,,6000,1,2,5,"{""val_ref"":"""",""unite"":""""}",99,1,NULL,2024-12-08 08:10:30,2024-12-08 08:10:30
97,NORMAL,86,TCA Temoin,TCA Témoin,,0,1,2,5,"{""val_ref"":"""",""unite"":""""}",99,1,NULL,2024-12-09 08:10:30,2024-12-09 08:10:30
98,NORMAL,86,TCA Patient,TCA Patient (temps de céphaline active),,13000,1,2,5,"{""val_ref"":"""",""unite"":""""}",99,1,NULL,2024-12-10 08:10:30,2024-12-10 08:10:30
100,NORMAL,86,Ratio TCA,Ratio TCA,,7000,1,2,5,"{""val_ref"":""1.00 - 1.20"",""unite"":""""}",99,1,NULL,2024-12-11 08:10:30,2024-12-11 08:10:30
101,PARENT,0,DREP,Dépistage de drépanocytose,,5000,0,2,6,NULL,99,1,NULL,2024-12-12 08:10:30,2024-12-12 08:10:30
102,CHILD,101,Test d'EMMEL,Test d'EMMEL,,2000,0,2,2,"[""NEGATIF"",""POSITIF_1""]",99,1,NULL,2024-12-13 08:10:30,2024-12-13 08:10:30
103,CHILD,101,Test d'ITANO,Test d'ITANO,,3000,0,2,2,"[""NEGATIF"",""POSITIF_1""]",99,1,NULL,2024-12-14 08:10:30,2024-12-14 08:10:30
105,NORMAL,34,KAOP,Recherche de KAOP,,0,1,3,8,"Ascaris lumbricoïde
Ancylostoma duodenale
Oeufs d'ascaris
Oeufs d'Ankylostome
Oeufs de Schistosoma mansoni
Oeufs de Schistosoma haematobium
Kyste de Entamoeba coli
Kyste de Entamoeba histolitica histolitica
Kyste de Hymenolepsis nana
Kyste de Giardia intestinalis
Strongyloides stercoralis",99,1,NULL,2024-12-15 08:10:30,2024-12-15 08:10:30
110,PARENT,0,PLASM,Recherche du Paludisme,,12000,1,3,1,NULL,NULL,1,NULL,2024-12-16 08:10:30,2024-12-16 08:10:30
111,NORMAL,110,GE_FM,GE/FM,,0,0,3,9,NULL,96,1,NULL,2024-12-17 08:10:30,2024-12-17 08:10:30
112,NORMAL,110,Parasitémie,Parasitémie,,0,0,3,9,"{""suffixe"":""parasite par \u00b5l""}",99,1,NULL,2024-12-18 08:10:30,2024-12-18 08:10:30
113,PARENT,0,COPRO,COPROCULTURE,,30000,1,5,1,,99,1,NULL,2024-12-19 08:10:30,2024-12-19 08:10:30
114,NORMAL,113,COPRO_AMSELLE,Aspect macroscopique,,0,1,5,8,"Selle molles
Selles liquide
Selle dure",99,1,NULL,2024-12-20 08:10:30,2024-12-20 08:10:30
115,NORMAL,113,COPRO_AMicroscropique,Aspect microscopique,,0,1,5,8,"Absence de tout élément parasitaire
Présence de nombreux Oeufs de Schistosoma haematobium
Présence de nombreux Oeufs de Schistosoma mansoni",99,1,NULL,2024-12-21 08:10:30,2024-12-21 08:10:30
116,PARENT,113,COPRO_ACGRAM,Après coloration de Gram,,0,1,5,1,NULL,99,1,NULL,2024-12-22 08:10:30,2024-12-22 08:10:30
117,CHILD,116,BGRAMN,Bacilles à Gram negatif,,0,0,5,9,"{""suffixe"":""%""}",99,1,NULL,2024-12-23 08:10:30,2024-12-23 08:10:30
118,CHILD,116,BGRAMP,Bacilles à Gram positif,,0,0,5,9,"{""suffixe"":""%""}",99,1,NULL,2024-12-24 08:10:30,2024-12-24 08:10:30
119,CHILD,116,COCCIGRAM,Cocci à Gram,,0,0,5,9,"{""suffixe"":""%""}",99,1,NULL,2024-12-25 08:10:30,2024-12-25 08:10:30
120,PARENT,113,CROPO_EXAMENAPRESCULTURE,Examen après culture,,0,1,5,1,NULL,99,1,NULL,2024-12-26 08:10:30,2024-12-26 08:10:30
123,PARENT,0,FCV,FROTTIS CERVICO-VAGINAL,,40000,1,5,1,NULL,99,1,NULL,2024-12-27 08:10:30,2024-12-27 08:10:30
124,PARENT,123,FCVEXAMENDIRECT,Examen direct,,0,1,5,1,NULL,99,1,NULL,2024-12-28 08:10:30,2024-12-28 08:10:30
125,NORMAL,124,FCVSECRETION,Sécrétion,,0,1,5,8,"Absence
Minime
Peu abondante
Abondante
Autre",99,1,NULL,2024-12-29 08:10:30,2024-12-29 08:10:30
126,NORMAL,124,FCVCOL,Col,,0,1,5,8,"Normal
Enflammé
Autre",99,1,NULL,2024-12-30 08:10:30,2024-12-30 08:10:30
127,PARENT,124,FCVFRAIS,A l'état frais,,0,1,5,1,NULL,99,1,NULL,2024-12-31 08:10:30,2024-12-31 08:10:30
128,NORMAL,127,FCVCELLULEEPI,Cellules épithéliales,,0,0,5,8,"Rare
Quelques
Assez nombreux
Nombreux",1,1,NULL,2025-01-01 08:10:30,2025-01-01 08:10:30
129,NORMAL,127,FCVLECO,Leucocytes,,0,0,5,8,"Rare
Quelques
Peu nombreux
Nombreux",2,1,NULL,2025-01-02 08:10:30,2025-01-02 08:10:30
130,NORMAL,127,FCVHEMATIES,Hématies,,0,0,5,8,"Absence
Rare
Quelques
Peu nombreux
",3,1,NULL,2025-01-03 08:10:30,2025-01-03 08:10:30
131,NORMAL,127,FCVELEUNIFORM,Lévures,,0,0,5,17,"Absence
Levures assez nombreux
Présence de filaments mycéliens",4,1,NULL,2025-01-04 08:10:30,2025-01-04 08:10:30
132,NORMAL,127,FCVCELLULE,Clue cells,,0,0,5,8,"Absence
Quelques
Nombreux",5,1,NULL,2025-01-05 08:10:30,2025-01-05 08:10:30
133,NORMAL,127,FCVPOTASSE,Test à KOH,,0,0,5,8,"Négatif
Positif",6,1,NULL,2025-01-06 08:10:30,2025-01-06 08:10:30
135,PARENT,124,FCVCOLORATIONGRAM,Après coloration de Gram,,0,1,5,1,NULL,99,1,NULL,2025-01-07 08:10:30,2025-01-07 08:10:30
136,NORMAL,135,FCVBACILLEDODERLINE,Bacilles de Doderleïn,,0,0,5,8,"Absence
Quelques
Assez nombreux
Nombreux",99,1,NULL,2025-01-08 08:10:30,2025-01-08 08:10:30
137,NORMAL,135,FCVDG,Diplocoque à Gram négatif,,0,0,5,8,"Absence
Assez nombreux",99,1,NULL,2025-01-09 08:10:30,2025-01-09 08:10:30
138,NORMAL,135,FCVSN,Flore vaginale,,0,0,5,18,NULL,99,1,NULL,2025-01-10 08:10:30,2025-01-10 08:10:30
139,PARENT,123,FCVEXAMENCULTURE,Examen après culture,,0,1,5,1,NULL,99,1,NULL,2025-01-11 08:10:30,2025-01-11 08:10:30
146,NORMAL,0,Ferritine,Ferritine,,1000,1,1,4,"{""val_ref"":""H: 16-220   F: 10-125"",""unite"":""  ng\/ml""}",NULL,1,NULL,2025-01-12 08:10:30,2025-01-12 08:10:30
147,NORMAL,77,LIQPLEAspect,Aspect,,0,1,1,8,"Claire
Jaune citrin
Séro-hémorragique
Chyleux
Autre",1,1,NULL,2025-01-13 08:10:30,2025-01-13 08:10:30
148,PARENT,77,LIQPLEBacterio,Analyse bactériologique,,1000,1,5,1,NULL,2,1,NULL,2025-01-14 08:10:30,2025-01-14 08:10:30
149,PARENT,148,liqpleExamenDirect,Examen direct,,0,0,5,1,NULL,99,1,NULL,2025-01-15 08:10:30,2025-01-15 08:10:30
150,PARENT,148,liqpleExamenApresCulture,Examen après culture,,0,0,5,1,NULL,99,1,NULL,2025-01-16 08:10:30,2025-01-16 08:10:30
153,NORMAL,149,liqpleleuco,Leucocytes,La formule leucocytaire n'est pas effectuée lorsque le taux des leucocytes est inférieur à 70 /mm3,0,0,5,10,"{""unite"":""\/  mm3"",""val_min"":""100""}",99,1,NULL,2025-01-17 08:10:30,2025-01-17 08:10:30
154,NORMAL,149,leqplehematie,Hematie,,0,0,5,8,"Absence
Quelques
Nombreux",99,1,NULL,2025-01-18 08:10:30,2025-01-18 08:10:30
155,PARENT,0,LiqArt,Liquide Articulaire,,35000,0,1,6,NULL,NULL,1,NULL,2025-01-19 08:10:30,2025-01-19 08:10:30
156,PARENT,0,Ascite,LIQUIDE D'ASCITE,,40000,1,1,6,NULL,NULL,1,NULL,2025-01-20 08:10:30,2025-01-20 08:10:30
157,NORMAL,155,LiqArtAspect,Aspect,,0,0,1,8,"Claire
Jaune citrin
Hémorragique
Autre",99,1,NULL,2025-01-21 08:10:30,2025-01-21 08:10:30
158,PARENT,155,LiqArtBacterio,Bacteriologie,,0,0,5,1,NULL,99,1,NULL,2025-01-22 08:10:30,2025-01-22 08:10:30
159,PARENT,158,liqArtExamenDirect,Examen direct,,0,0,5,1,NULL,99,1,NULL,2025-01-23 08:10:30,2025-01-23 08:10:30
160,NORMAL,159,liqartleuco,Leucocytes,,0,0,5,10,"{""unite"":""\/mm3"",""val_min"":""1000""}",99,1,NULL,2025-01-24 08:10:30,2025-01-24 08:10:30
161,NORMAL,159,leqarthematie,Hematie,,0,0,5,8,"Absence
Quelques
Nombreux",99,1,NULL,2025-01-25 08:10:30,2025-01-25 08:10:30
162,PARENT,158,liqartExamenApresCulture,Examen après culture,,0,0,5,1,NULL,99,1,NULL,2025-01-26 08:10:30,2025-01-26 08:10:30
165,NORMAL,155,LiqArtProtide,Protide,,0,0,1,4,"{""val_ref"":""< 25"",""unite"":""g\/l""}",99,1,NULL,2025-01-27 08:10:30,2025-01-27 08:10:30
166,NORMAL,156,asciteAspect,Aspect,,0,1,1,8,"Claire
Jaune citrin
Hémorragique
Jaune trouble
Autre",1,1,NULL,2025-01-28 08:10:30,2025-01-28 08:10:30
167,PARENT,156,asciteBacterio,Bactériologie,,0,1,5,1,NULL,3,1,NULL,2025-01-29 08:10:30,2025-01-29 08:10:30
168,NORMAL,156,asciteProtide,Protide,,0,1,1,4,"{""val_ref"":"""",""unite"":""g\/l""}",2,1,NULL,2025-01-30 08:10:30,2025-01-30 08:10:30
169,PARENT,167,asciteExamenDirect,Examen direct,,0,1,5,1,NULL,99,1,NULL,2025-01-31 08:10:30,2025-01-31 08:10:30
170,NORMAL,169,asciteLeucocytes,Leucocytes,"La formule leucocytaire n'est pas recommandée en dessous de 70 leucocytes par mm3.
 ",0,1,5,10,"{""unite"":""\/mm3 "",""val_min"":""399""}",99,1,NULL,2025-02-01 08:10:30,2025-02-01 08:10:30
171,NORMAL,169,asciteHematie,Hématies,,0,1,5,8,"Absence
Quelques
Nombreux
Très nombreux",99,1,NULL,2025-02-02 08:10:30,2025-02-02 08:10:30
172,PARENT,167,asciteExamenApresCulture,Examen après culture,,0,1,5,1,NULL,99,1,NULL,2025-02-03 08:10:30,2025-02-03 08:10:30
175,NORMAL,463,lcrAspect,Aspect,,0,1,1,8,"Eau de roche
Claire
Jaune citrin
Hémorragique
Autre",99,1,NULL,2025-02-04 08:10:30,2025-02-04 08:10:30
177,PARENT,176,lcrExamenDirect,Examen direct,,0,0,5,1,NULL,99,1,NULL,2025-02-05 08:10:30,2025-02-05 08:10:30
178,NORMAL,177,lcrLeucocytes,Leucocytes,on fait la formule leucocytaire si le taux de leucocyte est supérieur à 7/mm3,0,0,5,10,"{""unite"":""\/mm3"",""val_min"":""""}",99,1,NULL,2025-02-06 08:10:30,2025-02-06 08:10:30
179,NORMAL,177,lcrHematie,Hematie,,0,0,5,8,"Absence
Quelques
Nombreux",99,1,NULL,2025-02-07 08:10:30,2025-02-07 08:10:30
180,PARENT,176,lcrExamenApresCulture,Examen après culture,,0,0,5,1,NULL,99,1,NULL,2025-02-08 08:10:30,2025-02-08 08:10:30
183,PARENT,0,HC,HEPATITE C,Technique ELISA,22000,1,4,6,NULL,NULL,1,NULL,2025-02-09 08:10:30,2025-02-09 08:10:30
184,NORMAL,183,AcHVC,Anticorps anti-HVC,,22000,1,4,2,"{""0"":""NEGATIF"",""1"":""POSITIF_2"",""val_ref"":""""}",99,1,NULL,2025-02-10 08:10:30,2025-02-10 08:10:30
186,NORMAL,0,FR,Facteur Rhumatoïde,,16000,1,4,2,"{""0"":""NEGATIF"",""1"":""POSITIF_2"",""val_ref"":""""}",NULL,1,NULL,2025-02-11 08:10:30,2025-02-11 08:10:30
188,PARENT,0,Syphilis,Dépistage de la Syphilis  ,,16000,1,4,1,NULL,NULL,1,NULL,2025-02-12 08:10:30,2025-02-12 08:10:30
189,NORMAL,188,TPHA,  TPHA,,0,1,4,2,"{""0"":""NEGATIF"",""1"":""POSITIF_2"",""val_ref"":""""}",99,1,NULL,2025-02-13 08:10:30,2025-02-13 08:10:30
190,NORMAL,188,RPR,  RPR ,,0,1,4,2,"[""NEGATIF"",""POSITIF_1""]",99,1,NULL,2025-02-14 08:10:30,2025-02-14 08:10:30
191,NORMAL,25,FT_IgM,IgM,,0,0,4,2,"[""NEGATIF"",""POSITIF_1""]",99,1,NULL,2025-02-15 08:10:30,2025-02-15 08:10:30
192,NORMAL,25,FT_IgG,IgG,,0,0,4,2,"[""NEGATIF"",""POSITIF_1""]",99,1,NULL,2025-02-16 08:10:30,2025-02-16 08:10:30
193,PARENT,0,WF,Sérologie de Widal et Felix,"A titre d'information
IgM = -
IgG = +",16000,0,4,1,NULL,99,1,NULL,2025-02-17 08:10:30,2025-02-17 08:10:30
194,NORMAL,193,TO,TO,,0,0,4,2,"{""0"":""NEGATIF"",""1"":""POSITIF_2"",""val_ref"":""""}",99,1,NULL,2025-02-18 08:10:30,2025-02-18 08:10:30
195,NORMAL,193,TH,TH,,0,0,4,2,"{""0"":""NEGATIF"",""1"":""POSITIF_2"",""val_ref"":""""}",99,1,NULL,2025-02-19 08:10:30,2025-02-19 08:10:30
197,NORMAL,0,SeroAmib,Sérologie amibienne,Résultat Positif si la valeur est supérieure   8 NTU.,30000,1,4,2,"{""0"":""NEGATIF"",""1"":""POSITIF_2"",""val_ref"":""""}",NULL,1,NULL,2025-02-20 08:10:30,2025-02-20 08:10:30
198,PARENT,0,TOXO,Sérologie de la Toxoplasmose,,34000,1,4,1,NULL,NULL,1,NULL,2025-02-21 08:10:30,2025-02-21 08:10:30
199,NORMAL,198,Toxo_IgM,IgM,,0,1,4,2,"{""0"":""NEGATIF"",""1"":""POSITIF_2"",""val_ref"":""""}",98,1,NULL,2025-02-22 08:10:30,2025-02-22 08:10:30
200,NORMAL,198,Toxo_IgG,IgG,,0,1,4,2,"{""0"":""NEGATIF"",""1"":""POSITIF_2"",""val_ref"":""""}",99,1,NULL,2025-02-23 08:10:30,2025-02-23 08:10:30
201,PARENT,0,RUB,Sérologie de la Rubéole,,30000,1,4,1,,NULL,1,NULL,2025-02-24 08:10:30,2025-02-24 08:10:30
202,NORMAL,201,Rub_IgG,IgG,,0,1,4,2,"{""0"":""NEGATIF"",""1"":""POSITIF_2"",""val_ref"":""""}",99,1,NULL,2025-02-25 08:10:30,2025-02-25 08:10:30
203,PARENT,0,Cysti,Sérologie de la Cysticercose,,34000,1,4,1,NULL,NULL,1,NULL,2025-02-26 08:10:30,2025-02-26 08:10:30
204,NORMAL,203,CystiPrelev,Prélevement,,0,0,4,8,"Sang
LCR",99,1,NULL,2025-02-27 08:10:30,2025-02-27 08:10:30
205,NORMAL,203,Cysti_IgG,Recherche des Anticorps IgG,,0,0,4,2,"{""0"":""NEGATIF"",""1"":""POSITIF_2"",""val_ref"":""""}",99,1,NULL,2025-02-28 08:10:30,2025-02-28 08:10:30
206,PARENT,0,HIV,Sérologie à VIH,"Technique ELISA
Test immunochromatographique",12000,1,4,1,,NULL,1,NULL,2025-03-01 08:10:30,2025-03-01 08:10:30
207,NORMAL,206,VIH1,VIH Type 1,,0,1,4,2,"{""0"":""NEGATIF"",""1"":""POSITIF_2"",""val_ref"":""""}",99,1,NULL,2025-03-02 08:10:30,2025-03-02 08:10:30
208,NORMAL,206,VIH2,VIH type 2,,0,1,4,2,"{""0"":""NEGATIF"",""1"":""POSITIF_2"",""val_ref"":""""}",99,1,NULL,2025-03-03 08:10:30,2025-03-03 08:10:30
209,PARENT,0,PUS,PRÉLÈVEMENT DE PUS,,40000,1,5,1,NULL,99,1,NULL,2025-03-04 08:10:30,2025-03-04 08:10:30
210,PARENT,209,pus_examenapresculture,Examen après culture,,0,1,5,1,NULL,99,1,NULL,2025-03-05 08:10:30,2025-03-05 08:10:30
213,PARENT,0,FU,FROTTIS URETRAL,,40000,1,5,1,NULL,NULL,1,NULL,2025-03-06 08:10:30,2025-03-06 08:10:30
214,PARENT,213,FU_ExamenDirect,Examen direct,,0,1,5,1,NULL,99,1,NULL,2025-03-07 08:10:30,2025-03-07 08:10:30
215,NORMAL,214,FU_ecoulement,Écoulement urétral,,0,1,5,14,NULL,99,1,NULL,2025-03-08 08:10:30,2025-03-08 08:10:30
216,PARENT,214,FU_etatfrais,Examen à l'état frais,,0,1,5,1,NULL,99,1,NULL,2025-03-09 08:10:30,2025-03-09 08:10:30
217,NORMAL,216,fu_epitheliales,Cellules epithèliales,,0,0,5,8,"Absence
Quelques
Nombreux",99,1,NULL,2025-03-10 08:10:30,2025-03-10 08:10:30
218,NORMAL,216,fu_leucocyte,Leucocytes,,0,0,5,8,"Absence
Quelques
Assez nombreux
Très nombreux",99,1,NULL,2025-03-11 08:10:30,2025-03-11 08:10:30
219,NORMAL,216,FU_hematie,Hematie,,0,0,5,8,"Absence
Quelques
Nombreux",99,1,NULL,2025-03-12 08:10:30,2025-03-12 08:10:30
220,PARENT,214,FU_gram,Examen après Gram,,0,1,5,1,NULL,99,1,NULL,2025-03-13 08:10:30,2025-03-13 08:10:30
221,NORMAL,220,FU_germe,Germe,,0,0,5,8,"Absence
Présence cocci à Gram positif
Présence cocci à Gram negatif
Bacille cocci à Gram positif
Bacille cocci à Gram negatif",99,1,NULL,2025-03-14 08:10:30,2025-03-14 08:10:30
222,PARENT,213,FU_apresculture,Examen après culture,,0,1,5,1,NULL,99,1,NULL,2025-03-15 08:10:30,2025-03-15 08:10:30
225,PARENT,0,CULOT,CULOT URINAIRE,,10000,1,5,1,NULL,NULL,1,NULL,2025-03-16 08:10:30,2025-03-16 08:10:30
226,NORMAL,225,CULOT_aspectmacroscopique,Aspect macroscopique,,0,1,5,8,"Urine claires
Urine troubles
Urines hématiques
Autre",99,1,NULL,2025-03-17 08:10:30,2025-03-17 08:10:30
227,PARENT,225,CULOT_aspectmicroscopique,Aspect microscopique,,0,1,5,1,NULL,99,1,NULL,2025-03-18 08:10:30,2025-03-18 08:10:30
228,NORMAL,227,CULOT_epitheliale,Céllules épithéliales,,0,0,5,8,"Absence
Rare
Quelques
Assez nombreux
Nombreux",99,1,NULL,2025-03-19 08:10:30,2025-03-19 08:10:30
229,NORMAL,227,CULOT_leucocytes,Leucocytes,,0,0,5,8,"Absence
Rare
Quelques
Assez nombreux
Nombreux",99,1,NULL,2025-03-20 08:10:30,2025-03-20 08:10:30
230,NORMAL,227,CULOT_hematie,Hématies,,0,0,5,8,"Absence
Rare
Quelques
Assez nombreux
Nombreux",99,1,NULL,2025-03-21 08:10:30,2025-03-21 08:10:30
231,NORMAL,227,CULOT_parasite,Parasites,,0,0,5,8,"Absence
Présence de Trichomonas vaginalis
Présence de Schistosoma haematobium
Présence de Schistosoma monsoni
Autre",99,1,NULL,2025-03-22 08:10:30,2025-03-22 08:10:30
232,NORMAL,227,CULOT_elemnt,Eléments lévuriformes,,0,0,5,8,"Absence
Présence de filaments myceliens
Présence de candida sp
Autre",99,1,NULL,2025-03-23 08:10:30,2025-03-23 08:10:30
235,PARENT,0,ECBC,BACTERIOLOGIE DES PRELEVEMENTS BRONCHO-PULMONAIRES,,30000,1,5,1,NULL,NULL,1,NULL,2025-03-24 08:10:30,2025-03-24 08:10:30
236,NORMAL,235,ECBC_typeprelevement,Type de prélevement,,0,1,5,8,"Expectoration
Liquide d'aspiration bronchique
Autre
",99,1,NULL,2025-03-25 08:10:30,2025-03-25 08:10:30
237,PARENT,235,ECBC_examendirect,Examen direct,,0,1,5,1,NULL,99,1,NULL,2025-03-26 08:10:30,2025-03-26 08:10:30
238,NORMAL,237,ECBC_aspectmacroscopique,Aspect macroscopique,,0,0,5,8,"Purulent
Salivaire
Autre",99,1,NULL,2025-03-27 08:10:30,2025-03-27 08:10:30
239,PARENT,237,ECBC_cytologie,Cytologie,,0,0,5,1,NULL,99,1,NULL,2025-03-28 08:10:30,2025-03-28 08:10:30
240,NORMAL,239,ECBC_leucocytes,Leucocytes,,0,0,5,8,"
> 25 par champ
< 25 par champ",99,1,NULL,2025-03-29 08:10:30,2025-03-29 08:10:30
241,NORMAL,237,ECBC_gram,Aprés coloration de Gram,,0,0,5,8,"Cocci à GRAM positif
Cocci à GRAM négatif
Bacille à GRAM positif
Bacille à GRAM négatif
Autre",99,1,NULL,2025-03-30 08:10:30,2025-03-30 08:10:30
242,PARENT,235,ECBC_examenapresculture,Examen après culture,,0,1,5,1,NULL,99,1,NULL,2025-03-31 08:10:30,2025-03-31 08:10:30
245,PARENT,0,ECYT,Examen Cytobacteriologique,,0,0,5,1,NULL,99,1,NULL,2025-04-01 08:10:30,2025-04-01 08:10:30
246,NORMAL,245,ECYT_typeprelevement,Type de prélevement,,0,0,5,7,NULL,99,1,NULL,2025-04-02 08:10:30,2025-04-02 08:10:30
247,PARENT,245,ECYT_examendirect,Examen direct,,0,0,5,1,NULL,99,1,NULL,2025-04-03 08:10:30,2025-04-03 08:10:30
248,NORMAL,247,ECYT_aprescolorationgram,Aprés coloration de Gram,,0,0,5,8,"Cocci à GRAM positif
Cocci à GRAM négatif
Bacille à GRAM positif
Bacille à GRAM négatif
Autre",99,1,NULL,2025-04-04 08:10:30,2025-04-04 08:10:30
249,PARENT,245,ECYT_examenapresculture,Examen après culture,,0,0,5,1,NULL,99,1,NULL,2025-04-05 08:10:30,2025-04-05 08:10:30
253,NORMAL,242,ECBC_germeisole,Germe isolé,,0,0,5,15,"[""1"",""6"",""11"",""12"",""15"",""16"",""17""]",99,1,NULL,2025-04-06 08:10:30,2025-04-06 08:10:30
254,CHILD,120,COPRO_GERME,Germe isolés,,0,0,5,15,,99,1,NULL,2025-04-07 08:10:30,2025-04-07 08:10:30
255,NORMAL,139,FCV_GERME,Germe isolé,,0,0,5,15,NULL,99,1,NULL,2025-04-08 08:10:30,2025-04-08 08:10:30
256,NORMAL,210,PUS_GERME,Germes  ,,0,1,5,15,NULL,99,1,NULL,2025-04-09 08:10:30,2025-04-09 08:10:30
257,CHILD,222,FU_GERMEISOLE,Germe isolés,,0,0,5,15,NULL,99,1,NULL,2025-04-10 08:10:30,2025-04-10 08:10:30
258,CHILD,249,ECYT_GERME,Germe isolés,,0,0,5,15,NULL,99,1,NULL,2025-04-11 08:10:30,2025-04-11 08:10:30
259,CHILD,180,LCR_GERME,Germe isolés,,0,0,5,15,NULL,99,1,NULL,2025-04-12 08:10:30,2025-04-12 08:10:30
260,CHILD,150,LIQPLE_GERME,Germe isolés,,0,0,5,15,NULL,99,1,NULL,2025-04-13 08:10:30,2025-04-13 08:10:30
261,CHILD,162,LIQART_GERME,Germe isolés,,0,0,5,15,NULL,99,1,NULL,2025-04-14 08:10:30,2025-04-14 08:10:30
262,PARENT,0,ECBU,ECBU,"Hyperleucocyturie associée à une flore polymorphe (présence de 2 à 1 types de bactéries) évoquant une contamination probablement liée aux mauvaises conditions de prélèvement d'urines. Refaire l'ECBU en respectant les règles d'hygiène lors du recueil si persistance des signes cliniques.
Antibiogramme non réalisé",40000,1,5,1,NULL,NULL,1,NULL,2025-04-15 08:10:30,2025-04-15 08:10:30
263,NORMAL,262,ECBU_typeprelevement,EXAMEN MACROSCOPIQUE,,0,1,5,8,"Urines claires
Urines légèrement troubles
Urines troubles
citrin
 Urines hématiques

",99,1,NULL,2025-04-16 08:10:30,2025-04-16 08:10:30
264,PARENT,262,ECBU_examendirect,Examen à l'état frais,,0,1,5,1,NULL,99,1,NULL,2025-04-17 08:10:30,2025-04-17 08:10:30
265,NORMAL,264,ECBU_leucocyte,Leucocytes,,0,0,5,5,"{""val_ref"":"" Normale <10 000"",""unite"":""\/ml""}",99,1,NULL,2025-04-18 08:10:30,2025-04-18 08:10:30
266,NORMAL,264,ECBU_hematie,Hématies,,0,0,5,5,"{""val_ref"":"" Normale <5 000 "",""unite"":""\/ml""}",99,1,NULL,2025-04-19 08:10:30,2025-04-19 08:10:30
267,NORMAL,264,ECBU_cristaux,Cristaux,,0,0,5,8,"Absence
rare
Autre",99,1,NULL,2025-04-20 08:10:30,2025-04-20 08:10:30
268,NORMAL,264,ECBU_levuriforme,Eléments lévuriformes,,0,0,5,8,"Absence
rare
Autre",99,1,NULL,2025-04-21 08:10:30,2025-04-21 08:10:30
269,NORMAL,264,ECBU_parasites,Parasites,,0,0,5,8,"Absence
Présence de Trichomonas vaginalis
Autre",99,1,NULL,2025-04-22 08:10:30,2025-04-22 08:10:30
270,PARENT,262,ECBU_examenapresculture,Examen après culture,,0,1,5,1,NULL,99,1,NULL,2025-04-23 08:10:30,2025-04-23 08:10:30
271,NORMAL,270,ECBU_germeisole,Germe isolé,,0,0,5,15,NULL,99,1,NULL,2025-04-24 08:10:30,2025-04-24 08:10:30
272,NORMAL,0,AFP,Alfa Foeto-Protéine,,100,1,6,4,"{""val_ref"":""0 - 20"",""unite"":""  ng\/ml""}",NULL,1,NULL,2025-04-25 08:10:30,2025-04-25 08:10:30
273,NORMAL,0,UALB,Albuminurie,,6500,0,1,4,"{""val_ref"":"""",""unite"":""""}",99,1,NULL,2025-04-26 08:10:30,2025-04-26 08:10:30
274,NORMAL,0,AMIB,Amibiase,Technique ELISA,100,0,4,4,"{""val_ref"":"""",""unite"":""""}",99,1,NULL,2025-04-27 08:10:30,2025-04-27 08:10:30
275,NORMAL,0,FAN,Anticorps Antinucléaire,Technique ELISA,100,0,6,4,"{""val_ref"":"""",""unite"":""""}",99,1,NULL,2025-04-28 08:10:30,2025-04-28 08:10:30
278,PARENT,0,Bil,Bilirubinémie,,13000,1,1,1,NULL,NULL,1,NULL,2025-04-29 08:10:30,2025-04-29 08:10:30
280,NORMAL,0,BNP,NT-proBNP (Brain Natriuretic Peptide),,140000,1,1,4,"{""val_ref"":""< 300"",""unite"":""pg\/ml""}",NULL,1,NULL,2025-04-30 08:10:30,2025-04-30 08:10:30
281,NORMAL,0,CA125,CA 125,Technique ELISA,1000,0,6,4,"{""val_ref"":"""",""unite"":""""}",99,1,NULL,2025-05-01 08:10:30,2025-05-01 08:10:30
282,PARENT,0,LIPIDE,LIPIDEMIE,,22000,1,1,6,,99,1,NULL,2025-05-02 08:10:30,2025-05-02 08:10:30
283,NORMAL,0,CK,CK,,100,0,1,4,"{""val_ref"":""204-295"",""unite"":""UI\/l""}",99,1,NULL,2025-05-03 08:10:30,2025-05-03 08:10:30
284,NORMAL,0,CLCR,Clairance de la créatinine,"Insuffisance rénale modérée: 30-26 ml/mn
           Insuffisance rénale sévère: 9-26
                 Insuffisance rénale terminale:  inférieure à 9",1000,1,1,4,"{""val_ref"":"""",""unite"":""  ml\/mn""}",NULL,1,NULL,2025-05-04 08:10:30,2025-05-04 08:10:30
285,NORMAL,284,CREAT2,Créatininémie,,0,0,1,4,"{""val_ref"":""H:60-120 F:45-106"",""unite"":""\u00b5mol\/l""}",99,1,NULL,2025-05-05 08:10:30,2025-05-05 08:10:30
286,NORMAL,284,CLCR_2,Clairance de la créatinine,,0,0,1,4,"{""val_ref"":""1.5 - 2.35"",""unite"":""ml\/s""}",99,1,NULL,2025-05-06 08:10:30,2025-05-06 08:10:30
287,PARENT,0,HLM,Compte d'Addis (Hématies-Leucocytes par Minute),,12000,0,1,1,,99,1,NULL,2025-05-07 08:10:30,2025-05-07 08:10:30
289,NORMAL,287,HLM_prelevement,Prélèvement,,0,0,1,8,"Urines claires
Urines troubles
Autre",91,1,NULL,2025-05-08 08:10:30,2025-05-08 08:10:30
294,NORMAL,0,UCORT,Cortisol libre urinaire,,100,0,1,4,"{""val_ref"":""12-50"",""unite"":""\u00b5g\/24h""}",99,1,NULL,2025-05-09 08:10:30,2025-05-09 08:10:30
295,NORMAL,0,CORT08,Cortisolémie à 8h,,100,1,1,4,"{""val_ref"":""201.31 - 536.54"",""unite"":""  nmol\/l""}",NULL,1,NULL,2025-05-10 08:10:30,2025-05-10 08:10:30
296,NORMAL,0,CORT12,Cortisol sérique à 12h,,100,0,1,4,"{""val_ref"":"""",""unite"":""""}",99,1,NULL,2025-05-11 08:10:30,2025-05-11 08:10:30
297,NORMAL,0,CORT16,Cortisol sérique à 16h,,1000,0,1,4,"{""val_ref"":""65.78 - 330.85"",""unite"":""  nmol\/l""}",NULL,1,NULL,2025-05-12 08:10:30,2025-05-12 08:10:30
298,NORMAL,0,CPK,Créatine phospho kinase (CPK),,1000,0,1,4,"{""val_ref"":""0,08-0,58"",""unite"":""\u00b5mol\/L""}",99,1,NULL,2025-05-13 08:10:30,2025-05-13 08:10:30
299,NORMAL,0,UCR,Créatininurie,,1000,0,1,4,"{""val_ref"":""H:1.23 - 2.29  F:0.9 - 1.76"",""unite"":"" mmol\/24h""}",NULL,1,NULL,2025-05-14 08:10:30,2025-05-14 08:10:30
300,NORMAL,0,DDI,D-Dimères,"Information: Le dosage de D-dimères est recommandé dans le cadre d'exclusion de thrombose veineuse profonde ou d'une embolie pulmonaire ( Taux inférieur à 170 µg/l). Cependant, le taux peut augmenter dans certains contextes comme:  Age,  Grossesse, Chirurgie, cancers, affections inflammatoires...",90000,1,2,4,"{""val_ref"":""< 500"",""unite"":""\u00b5g\/L  ""}",NULL,1,NULL,2025-05-15 08:10:30,2025-05-15 08:10:30
301,NORMAL,0,Fbg,Fibrinogène (Facteur I),,100,0,2,4,"{""val_ref"":""150 - 400"",""unite"":""mg\/dl""}",NULL,1,NULL,2025-05-16 08:10:30,2025-05-16 08:10:30
302,NORMAL,0,FSH,FSH,Technique ELISA,100,0,7,4,"{""val_ref"":"""",""unite"":""""}",99,1,NULL,2025-05-17 08:10:30,2025-05-17 08:10:30
303,NORMAL,0,GP,Glycémie post prandiale,,6000,0,1,4,"{""val_ref"":""6.43 -7.15"",""unite"":""mmol\/l""}",99,1,NULL,2025-05-18 08:10:30,2025-05-18 08:10:30
304,PARENT,0,USD24,Glycose urinaire de 24h,,100,0,1,1,NULL,99,1,NULL,2025-05-19 08:10:30,2025-05-19 08:10:30
305,NORMAL,304,USD24_volume,Volume,,0,0,1,7,NULL,99,1,NULL,2025-05-20 08:10:30,2025-05-20 08:10:30
306,NORMAL,304,USD24_2,Glycose urinaire de 24h,,0,0,1,4,"{""val_ref"":"""",""unite"":""""}",99,1,NULL,2025-05-21 08:10:30,2025-05-21 08:10:30
307,PARENT,0,GS,GROUPAGE SANGUIN ABO - RHESUS,,16000,1,1,1,NULL,NULL,1,NULL,2025-05-22 08:10:30,2025-05-22 08:10:30
309,NORMAL,307,GS_gs,Groupe sanguin,,0,1,1,8,"A
B
AB
O
A
B Rhésus négatif (B-)
AB Rhésus négatif (AB-)
O Rhésus négatif (O-)
Autre

",99,1,NULL,2025-05-23 08:10:30,2025-05-23 08:10:30
310,NORMAL,0,HAPT,Haptoglobine,,100,0,1,4,"{""val_ref"":"""",""unite"":""""}",99,1,NULL,2025-05-24 08:10:30,2025-05-24 08:10:30
311,NORMAL,0,LIPAS,Lipasémie,,100,1,1,4,"{""val_ref"":""0-38"",""unite"":""  U\/L""}",NULL,1,NULL,2025-05-25 08:10:30,2025-05-25 08:10:30
312,NORMAL,0,GROSSESSE,Test de grossesse,,9000,0,1,4,"{""val_ref"":"""",""unite"":""""}",99,1,NULL,2025-05-26 08:10:30,2025-05-26 08:10:30
313,NORMAL,0,BHCG,Beta-HCG plasmatique ,,32000,1,7,4,"{""val_ref"":""< 5"",""unite"":""   mIU\/ml""}",NULL,1,NULL,2025-05-27 08:10:30,2025-05-27 08:10:30
314,NORMAL,0,HBA1C,Hémoglobine Glyquée (HBA1C) ,,32000,1,2,4,"{""val_ref"":""4 - 6"",""unite"":""%""}",NULL,1,NULL,2025-05-28 08:10:30,2025-05-28 08:10:30
315,PARENT,0,HAV,Hépatite A,Technique ELISA,100,1,4,1,NULL,NULL,1,NULL,2025-05-29 08:10:30,2025-05-29 08:10:30
316,NORMAL,315,HA_HVA,Anticorps anti-HVA,,0,0,4,8,"Positif
Négatif
Autre",99,1,NULL,2025-05-30 08:10:30,2025-05-30 08:10:30
317,PARENT,0,HGPO,Hyperglycémie provoquée par voie orale (HGPO),,100,1,1,1,NULL,99,1,NULL,2025-05-31 08:10:30,2025-05-31 08:10:30
318,NORMAL,317,HGPO_ig,Ingestion de glucose,,0,0,1,7,NULL,99,1,NULL,2025-06-01 08:10:30,2025-06-01 08:10:30
320,NORMAL,317,HGPO_gt60,Glycémie à T60mn,,0,0,1,4,"{""val_ref"":""<  9.9"",""unite"":""mmol\/l""}",99,1,NULL,2025-06-02 08:10:30,2025-06-02 08:10:30
321,NORMAL,317,HGPO_gt120,Glycémie à T120mn,,0,0,1,4,"{""val_ref"":""< 8.52"",""unite"":""mmol\/l""}",99,1,NULL,2025-06-03 08:10:30,2025-06-03 08:10:30
323,PARENT,0,UNK,IONOGRAMME URINAIRE ,,0,1,1,1,NULL,99,1,NULL,2025-06-04 08:10:30,2025-06-04 08:10:30
324,NORMAL,323,UNK_prelevement,Aspect,,0,1,1,7,NULL,99,1,NULL,2025-06-05 08:10:30,2025-06-05 08:10:30
325,NORMAL,323,UNK_Na,Sodium,,0,1,1,4,"{""val_ref"":""40 - 220"",""unite"":""    mmol\/l""}",99,1,NULL,2025-06-06 08:10:30,2025-06-06 08:10:30
326,NORMAL,323,UNK_K,Potassium,,0,1,1,4,"{""val_ref"":""25 - 120"",""unite"":""  mmol\/l""}",99,1,NULL,2025-06-07 08:10:30,2025-06-07 08:10:30
327,NORMAL,0,LDL,LDL,,0,0,1,4,NULL,99,1,NULL,2025-06-08 08:10:30,2025-06-08 08:10:30
328,NORMAL,0,LH,LH,,0,0,7,4,NULL,99,1,NULL,2025-06-09 08:10:30,2025-06-09 08:10:30
329,NORMAL,0,LIPASE,Lipase pancréatique,,0,0,1,4,"{""val_ref"":""82-139"",""unite"":""UI\/l""}",99,1,NULL,2025-06-10 08:10:30,2025-06-10 08:10:30
330,NORMAL,0,UK,Potassium urinaire,,0,0,1,4,NULL,99,1,NULL,2025-06-11 08:10:30,2025-06-11 08:10:30
332,NORMAL,0,UAD24,Protéinurie de  24 h,,10000,1,1,4,"{""val_ref"":""0.00 - 0.15 "",""unite"":""g\/24h""}",99,1,NULL,2025-06-12 08:10:30,2025-06-12 08:10:30
333,NORMAL,0,RAI,Recherche agglutinines irrégulières,,0,0,6,4,NULL,99,1,NULL,2025-06-13 08:10:30,2025-06-13 08:10:30
334,NORMAL,0,SCOTCH,Scotch Test,,12000,0,3,14,NULL,99,1,NULL,2025-06-14 08:10:30,2025-06-14 08:10:30
335,NORMAL,0,HBPI,Sérologie de Helicobacter pylori,"En cas de contrôle après traitement, la recherche des antigènes de H. pylori dans les selles est suggérée.",25000,1,4,4,"{""val_ref"":"""",""unite"":""""}",NULL,1,NULL,2025-06-15 08:10:30,2025-06-15 08:10:30
336,NORMAL,0,UNA,Sodium urinaire,,0,0,1,4,"{""val_ref"":"""",""unite"":""""}",99,1,NULL,2025-06-16 08:10:30,2025-06-16 08:10:30
337,NORMAL,0,TROPO,Troponine cardiaque,,50000,1,1,4,"{""val_ref"":""< 0.3 ng\/mL"",""unite"":""  ""}",NULL,1,NULL,2025-06-17 08:10:30,2025-06-17 08:10:30
338,NORMAL,0,ASA9,Urines 9 paramètres,,6000,0,1,4,"{""val_ref"":"""",""unite"":""""}",99,1,NULL,2025-06-18 08:10:30,2025-06-18 08:10:30
339,PARENT,0,BKIG,Recherche Ac anti-Mycobactérium Tuberculosis,,0,0,4,1,NULL,99,1,NULL,2025-06-19 08:10:30,2025-06-19 08:10:30
340,NORMAL,339,BKIG_igM,IgM,,0,0,4,2,"[""NEGATIF"",""POSITIF_1""]",99,1,NULL,2025-06-20 08:10:30,2025-06-20 08:10:30
341,NORMAL,339,BKIG_IgG,IgG,,0,0,4,2,"[""NEGATIF"",""POSITIF_1""]",99,1,NULL,2025-06-21 08:10:30,2025-06-21 08:10:30
342,PARENT,0,RETIC,Recherche des  Reticulocytes,"-Anémie régénérative si le taux de Réticulocytes &gt;= 90G/l
-Anémie d'origine centrale si le taux de Réticulocytes &lt; 90G/l",0,1,5,1,NULL,NULL,1,NULL,2025-06-22 08:10:30,2025-06-22 08:10:30
343,NORMAL,342,RETIC_taux,Taux,,0,0,5,9,"{""suffixe"":""G\/l""}",99,1,NULL,2025-06-23 08:10:30,2025-06-23 08:10:30
344,NORMAL,0,TS,Temps de saignement,,6000,0,2,5,"{""val_ref"":""1-3"",""unite"":""mn""}",99,1,NULL,2025-06-24 08:10:30,2025-06-24 08:10:30
345,NORMAL,9,NFS_GR,GLOBULES ROUGES,,0,1,2,5,"{""val_ref"":""4.20-5.50"",""unite"":"" T\/L""}",1,1,NULL,2025-06-25 08:10:30,2025-06-25 08:10:30
346,NORMAL,9,NFS_CCMH,CCMH,,0,0,2,4,"{""val_ref"":""300 - 360"",""unite"":""  g\/l""}",99,1,NULL,2025-06-26 08:10:30,2025-06-26 08:10:30
347,NORMAL,9,NFS_GB,GLOBULES BLANCS,,0,1,2,4,"{""val_ref"":""4.0 - 10.0"",""unite"":""  G\/L""}",99,1,NULL,2025-06-27 08:10:30,2025-06-27 08:10:30
348,NORMAL,9,NFS_PN,Polynucléaires neutrophiles,,0,0,2,4,"{""val_ref"":"""",""unite"":""%""}",99,1,NULL,2025-06-28 08:10:30,2025-06-28 08:10:30
349,NORMAL,9,NFS_PE,Polynucléaires eosinophiles,,0,0,2,4,"{""val_ref"":"""",""unite"":""%""}",99,1,NULL,2025-06-29 08:10:30,2025-06-29 08:10:30
350,NORMAL,9,NFS_PB,Polynucléaires basophiles,,0,0,2,4,"{""val_ref"":"""",""unite"":""%""}",99,1,NULL,2025-06-30 08:10:30,2025-06-30 08:10:30
351,NORMAL,9,NFS_Lym,Lymphocytes,,0,0,2,4,"{""val_ref"":"""",""unite"":""%""}",99,1,NULL,2025-07-01 08:10:30,2025-07-01 08:10:30
352,NORMAL,9,NFS_Mono,Monocytes,,0,0,2,4,"{""val_ref"":"""",""unite"":""%""}",99,1,NULL,2025-07-02 08:10:30,2025-07-02 08:10:30
353,NORMAL,9,NFS_Soit,Soit,,0,0,2,16,NULL,99,1,NULL,2025-07-03 08:10:30,2025-07-03 08:10:30
354,NORMAL,9,NFS_PN_2,Polynucléaires neutrophiles,,0,0,2,4,"{""val_ref"":""2.2 \u00e0 6.5"",""unite"":""  G\/L""}",99,1,NULL,2025-07-04 08:10:30,2025-07-04 08:10:30
355,NORMAL,9,NFS_PE_2,Polynucléaires eosinophiles,,0,0,2,4,"{""val_ref"":""0.04 - 0.40"",""unite"":""  G\/L""}",99,1,NULL,2025-07-05 08:10:30,2025-07-05 08:10:30
356,NORMAL,9,NFS_PB_2,Polynucléaires basophiles,,0,0,2,4,"{""val_ref"":""0.0 \u00e0 0.1"",""unite"":""  G\/L""}",99,1,NULL,2025-07-06 08:10:30,2025-07-06 08:10:30
357,NORMAL,9,NFS_Lym_2,Lymphocytes,,0,0,2,4,"{""val_ref"":""0.8 - 4.1"",""unite"":""  G\/L""}",99,1,NULL,2025-07-07 08:10:30,2025-07-07 08:10:30
358,NORMAL,9,NFS_Mono_2,Monocytes,,0,0,2,4,"{""val_ref"":""0.12 - 1.10"",""unite"":""  G\/L""}",99,1,NULL,2025-07-08 08:10:30,2025-07-08 08:10:30
359,NORMAL,9,NFS_PLAQUETTES,PLAQUETTES,,0,1,2,4,"{""val_ref"":""150 - 400"",""unite"":""  G\/L""}",99,1,NULL,2025-07-09 08:10:30,2025-07-09 08:10:30
360,NORMAL,127,FCV_osh,Oeufs de Schistosoma haematobium,,0,0,5,8,"Absence
Quelques
Assez nombreux",7,1,NULL,2025-07-10 08:10:30,2025-07-10 08:10:30
361,NORMAL,127,FCV_tv,Trichomonas vaginalis,,0,0,5,8,"Absence
Quelques
Assez nombreux",99,1,NULL,2025-07-11 08:10:30,2025-07-11 08:10:30
362,NORMAL,0,LDH,LDH,,9500,1,1,4,"{""val_ref"":""207 - 414"",""unite"":""U\/l""}",NULL,1,NULL,2025-07-12 08:10:30,2025-07-12 08:10:30
363,NORMAL,0,T3,T3 libre,,34000,1,7,4,"{""val_ref"":""1.23 - 3.07"",""unite"":""nmol\/l""}",NULL,1,NULL,2025-07-13 08:10:30,2025-07-13 08:10:30
364,NORMAL,323,UNKCL,Chlore ,,0,1,1,4,"{""val_ref"":""110 - 250"",""unite"":""  mmol\/l""}",99,1,NULL,2025-07-14 08:10:30,2025-07-14 08:10:30
366,NORMAL,0,TE,Test d'Emmel,,12000,1,2,8,"Négatif
Positif",NULL,1,NULL,2025-07-15 08:10:30,2025-07-15 08:10:30
367,NORMAL,0,PAT,Phosphatase acide totale,,0,0,1,4,"{""val_ref"":""11,2-16,5"",""unite"":""UI\/l""}",99,1,NULL,2025-07-16 08:10:30,2025-07-16 08:10:30
368,NORMAL,0,PANP,Phosphatase acide non prostatique,,0,0,1,4,"{""val_ref"":""<0,2"",""unite"":""UI\/l""}",99,1,NULL,2025-07-17 08:10:30,2025-07-17 08:10:30
369,NORMAL,0,CTF,capacité totale de fixation du fer,,0,0,1,4,"{""val_ref"":""52,8-87,3"",""unite"":""\u00b5mol\/l""}",99,1,NULL,2025-07-18 08:10:30,2025-07-18 08:10:30
370,NORMAL,0,CLF,capacité latente  de fixation du fer,,0,0,1,4,"{""val_ref"":""31,5-52,5"",""unite"":""\u00b5mol\/l""}",99,1,NULL,2025-07-19 08:10:30,2025-07-19 08:10:30
371,NORMAL,0,P,Phosphore ,,0,1,1,4,"{""val_ref"":""H:0.81 -1,45    F: 0.48-2.19"",""unite"":""mmol\/l""}",NULL,1,NULL,2025-07-20 08:10:30,2025-07-20 08:10:30
372,NORMAL,0,VSH,VSH,,6500,1,2,4,"{""val_ref"":""H<15    F<25"",""unite"":""  mm(1\u00e8re H)""}",NULL,1,NULL,2025-07-21 08:10:30,2025-07-21 08:10:30
373,NORMAL,0,RET,Taux des Réticulocytes,,10000,1,2,4,"{""val_ref"":"""",""unite"":""  G\/L  ""}",NULL,1,NULL,2025-07-22 08:10:30,2025-07-22 08:10:30
374,NORMAL,0,PCT,Procalcitonie (PCT),La PCT est  un  marqueur de l'infection bactérienne systémique.  La limite inférieure de détection de la PCT est de 0.1 ng/ml et la limite supérieure est de 50 ng/ml.,45000,1,1,4,"{""val_ref"":""< 0.5"",""unite"":""  ng\/mL""}",NULL,1,NULL,2025-07-23 08:10:30,2025-07-23 08:10:30
375,NORMAL,0,TSH,TSH,,34000,1,7,4,"{""val_ref"":""0.5- 5.0"",""unite"":""\u00b5IU\/ml""}",NULL,1,NULL,2025-07-24 08:10:30,2025-07-24 08:10:30
377,NORMAL,287,vol/180mn,Volume urinaire recueilli pendant 180mn,,0,0,1,4,"{""val_ref"":"""",""unite"":""ml""}",99,1,NULL,2025-07-25 08:10:30,2025-07-25 08:10:30
378,NORMAL,287,Hématies_hlm,Hématies,,0,0,1,4,"{""val_ref"":""N < 5000"",""unite"":""\/mn""}",99,1,NULL,2025-07-26 08:10:30,2025-07-26 08:10:30
379,NORMAL,287,leucocytes_hlm,leucocytes,,0,0,1,4,"{""val_ref"":""N < 5000"",""unite"":""\/mn""}",99,1,NULL,2025-07-27 08:10:30,2025-07-27 08:10:30
380,PARENT,0,UASA,Dosage ASA urinaires,,0,0,1,1,NULL,99,1,NULL,2025-07-28 08:10:30,2025-07-28 08:10:30
383,NORMAL,380,Ac,Acétone,,0,0,1,2,"{""0"":""NEGATIF"",""1"":""POSITIF_2"",""val_ref"":""+""}",99,1,NULL,2025-07-29 08:10:30,2025-07-29 08:10:30
384,NORMAL,380,Su,Sucre,,0,0,1,2,"{""0"":""NEGATIF"",""1"":""POSITIF_2"",""val_ref"":""+""}",99,1,NULL,2025-07-30 08:10:30,2025-07-30 08:10:30
385,NORMAL,380,Al,Albumine,,0,0,1,2,"{""0"":""NEGATIF"",""1"":""POSITIF_2"",""val_ref"":""+""}",99,1,NULL,2025-07-31 08:10:30,2025-07-31 08:10:30
386,NORMAL,0,ASLO,ASLO (Ac anti-streptolysine O),ASLO élevé n'est pas spécifique du RAA.  Selon la littérature 7% des sujets normaux ont un taux supérieur à 170. Résultat à interpréter avec la clinique. Le diagnostic du RAA repose sur les critères de Jones.,17000,1,4,4,"{""val_ref"":""< 200"",""unite"":""  U\/l""}",NULL,1,NULL,2025-08-01 08:10:30,2025-08-01 08:10:30
387,PARENT,0,URINE ASA, ASA URINAIRE,,6000,1,1,1,NULL,NULL,1,NULL,2025-08-02 08:10:30,2025-08-02 08:10:30
388,NORMAL,387,ACETONE ASA,Acétone ,,0,1,1,8,"Positif +
Positif  ++
Positif  +++",99,1,NULL,2025-08-03 08:10:30,2025-08-03 08:10:30
389,NORMAL,387,Sucre ASA,Sucre,,0,1,1,8,"Positif +
Positif  ++
Positif  +++",99,1,NULL,2025-08-04 08:10:30,2025-08-04 08:10:30
390,NORMAL,387,Albumine ASA,Albumine,,0,1,1,8,"Positif +
Positif  ++
Positif  +++",99,1,NULL,2025-08-05 08:10:30,2025-08-05 08:10:30
392,NORMAL,69,pH-bu,pH,,0,1,1,4,"{""val_ref"":"""",""unite"":""""}",99,1,NULL,2025-08-06 08:10:30,2025-08-06 08:10:30
393,NORMAL,69,densité-bu,Densité urinaire,,0,1,1,4,"{""val_ref"":"""",""unite"":""""}",99,1,NULL,2025-08-07 08:10:30,2025-08-07 08:10:30
394,NORMAL,69,Bilirubine-bu,Bilirubine urinaire,,0,1,1,10,NULL,99,1,NULL,2025-08-08 08:10:30,2025-08-08 08:10:30
395,NORMAL,0,hgfgfg,es,,0,0,5,10,NULL,99,1,NULL,2025-08-09 08:10:30,2025-08-09 08:10:30
397,NORMAL,307,GS-rh,Antigène D (Rhésus),,0,1,1,9,NULL,99,1,NULL,2025-08-10 08:10:30,2025-08-10 08:10:30
399,NORMAL,227,Culot - cristaux,Cristaux,,0,0,5,8,"Absence
Présence d'Oxalate de Calcium
Présence de cristaux d'Acide Urique
Cristaux de Phosphate d'Ammoniac
Cristaux  de Phosphate Ammoniaco-Magnésien",99,1,NULL,2025-08-11 08:10:30,2025-08-11 08:10:30
402,NORMAL,401,SeroBil - Valnorm,Valeur normale,,0,0,4,4,"{""val_ref"":""N<1\/160"",""unite"":""""}",99,1,NULL,2025-08-12 08:10:30,2025-08-12 08:10:30
403,CHILD,401,SeroBil - ng,Négatif,,0,0,4,16,NULL,99,1,NULL,2025-08-13 08:10:30,2025-08-13 08:10:30
404,NORMAL,401,Sérobil - pos,Positif,,0,0,4,5,"{""val_ref"":""\u00e0"",""unite"":""""}",99,1,NULL,2025-08-14 08:10:30,2025-08-14 08:10:30
405,PARENT,0,SeroBil - resultat,Sérologie bilharzienne ,,32000,1,4,1,NULL,NULL,1,NULL,2025-08-15 08:10:30,2025-08-15 08:10:30
407,NORMAL,405,Bil - pos,Résultat,,0,0,4,10,NULL,99,1,NULL,2025-08-16 08:10:30,2025-08-16 08:10:30
408,NORMAL,405,Bil - resultat normal,Normal inférieur à 1/160,,0,0,4,16,NULL,99,1,NULL,2025-08-17 08:10:30,2025-08-17 08:10:30
410,PARENT,409,CRP - neg,Négatif,,0,0,1,6,NULL,99,1,NULL,2025-08-18 08:10:30,2025-08-18 08:10:30
411,PARENT,410,CRP-neg ac/ss chiffre,CRP Négatif,,0,0,1,1,NULL,99,1,NULL,2025-08-19 08:10:30,2025-08-19 08:10:30
412,NORMAL,411,Crp - résult neg,CRP Négatif,,0,0,1,4,"{""val_ref"":""R\u00e9sultat inf\u00e9rieur \u00e0 6 mg\/l"",""unite"":""""}",99,1,NULL,2025-08-20 08:10:30,2025-08-20 08:10:30
413,NORMAL,411,CRP-neg ac unité,Valeur de CRP ,,0,0,1,4,"{""val_ref"":"""",""unite"":""mg\/l""}",99,1,NULL,2025-08-21 08:10:30,2025-08-21 08:10:30
414,NORMAL,409,CRP - Resultat,CRP du Patient,,0,0,1,4,"{""val_ref"":"""",""unite"":""mg\/l""}",99,1,NULL,2025-08-22 08:10:30,2025-08-22 08:10:30
415,PARENT,0,CRP,PROTEINE-C REACTIVE,,17000,1,1,1,NULL,99,1,NULL,2025-08-23 08:10:30,2025-08-23 08:10:30
416,NORMAL,415,CRP-VAL,valeur significative au-delà de 6mg/l,,0,0,1,16,NULL,99,1,NULL,2025-08-24 08:10:30,2025-08-24 08:10:30
417,NORMAL,415,CRP-patient,CRP du patient,,0,1,1,5,"{""val_ref"":"""",""unite"":""  mg\/l""}",99,1,NULL,2025-08-25 08:10:30,2025-08-25 08:10:30
419,NORMAL,415,CRP-result,Résultat ,,0,0,1,8," CRP Négative
 CRP Elevée",99,1,NULL,2025-08-26 08:10:30,2025-08-26 08:10:30
420,NORMAL,0,PRIX_PRELEVEMENT_SANG,Prélevement sang,,4200,0,2,16,NULL,99,1,NULL,2025-08-27 08:10:30,2025-08-27 08:10:30
421,NORMAL,0,PRIX_PRELEVEMENT_GENITALE,Prélevement génital,,7000,0,3,16,NULL,99,1,NULL,2025-08-28 08:10:30,2025-08-28 08:10:30
422,NORMAL,0,UMA24,Microalbuminurie,,20000,0,1,4,"{""val_ref"":"""",""unite"":""mg\/l""}",99,1,NULL,2025-08-29 08:10:30,2025-08-29 08:10:30
423,NORMAL,0,SPERMOC,SPERMOCULTURE,,38000,1,5,5,"{""val_ref"":"""",""unite"":""""}",NULL,1,NULL,2025-08-30 08:10:30,2025-08-30 08:10:30
424,NORMAL,0,PRIX_PRELEVEMENT_AIGUILLE_TUBE,Tube et aiguille,,3500,0,1,16,NULL,99,1,NULL,2025-08-31 08:10:30,2025-08-31 08:10:30
425,NORMAL,0,HEMOC,HEMOCULTURE,,65000,1,5,3,NULL,99,1,NULL,2025-09-01 08:10:30,2025-09-01 08:10:30
427,CHILD,426,cgp nbx,Nombreux,,0,0,5,16,NULL,99,1,NULL,2025-09-02 08:10:30,2025-09-02 08:10:30
428,NORMAL,426,bgp abs,Absence,,0,0,5,16,NULL,99,1,NULL,2025-09-03 08:10:30,2025-09-03 08:10:30
430,NORMAL,429,bgn rare,Rare,,0,0,5,16,NULL,99,1,NULL,2025-09-04 08:10:30,2025-09-04 08:10:30
431,CHILD,429,bgn-qq,Quelques,,0,0,5,16,NULL,99,1,NULL,2025-09-05 08:10:30,2025-09-05 08:10:30
432,CHILD,429,bgn-nb,Nombreux,,0,0,5,16,NULL,99,1,NULL,2025-09-06 08:10:30,2025-09-06 08:10:30
433,NORMAL,139,FCV_neisseria,Neisseria gonorrhoeae,,0,0,5,7,NULL,99,1,NULL,2025-09-07 08:10:30,2025-09-07 08:10:30
434,NORMAL,139,FCV_cultures_candidose,Candidose,,0,0,5,7,NULL,99,1,NULL,2025-09-08 08:10:30,2025-09-08 08:10:30
435,NORMAL,0,Pré_ tube-aiguille,Tube-aiguille,,2000,0,2,4,NULL,99,1,NULL,2025-09-09 08:10:30,2025-09-09 08:10:30
441,NORMAL,440,Glucolcs,Glucorachie,,6000,0,1,4,"{""val_ref"":""2.22 - 4.44"",""unite"":""mmol\/l""}",99,1,NULL,2025-09-10 08:10:30,2025-09-10 08:10:30
442,NORMAL,440,lcsLdh,LDH,,6000,0,1,4,"{""val_ref"":"""",""unite"":""U\/L""}",99,1,NULL,2025-09-11 08:10:30,2025-09-11 08:10:30
443,NORMAL,440,LCSprot,Protéinorrachie,,6000,0,1,4,"{""val_ref"":""Inf\u00e9rieur \u00e0 0.14"",""unite"":""g\/l""}",99,1,NULL,2025-09-12 08:10:30,2025-09-12 08:10:30
444,PARENT,463,Lcsbact,Examen Cyto-bactériologique,La Formule leucocytaire n'est pas recommandée lorsque le taux de leucocytes est inférieur à 7/mm3,0,1,1,1,NULL,99,1,NULL,2025-09-13 08:10:30,2025-09-13 08:10:30
445,PARENT,444,lcscytobac,Examen direct,,0,1,1,1,NULL,99,1,NULL,2025-09-14 08:10:30,2025-09-14 08:10:30
449,PARENT,444,lcscoloration,Examen après coloration de Gram,,0,1,1,1,NULL,99,1,NULL,2025-09-15 08:10:30,2025-09-15 08:10:30
450,NORMAL,449,coldeLcs,Polynucléaires,,0,1,1,4,"{""val_ref"":"""",""unite"":""  %""}",99,1,NULL,2025-09-16 08:10:30,2025-09-16 08:10:30
451,NORMAL,449,colLcs,Lymphocytes,,0,1,1,4,"{""val_ref"":"""",""unite"":""  %""}",99,1,NULL,2025-09-17 08:10:30,2025-09-17 08:10:30
452,NORMAL,463,Glycorachie,Glycorachie,La glycorachie normale correspond au 2/3 de la glycémie. Il est suggéré de doser la glycémie.,0,1,1,4,"{""val_ref"":""A: 2.2 - 3.9   E: 3.3 - 4.4  "",""unite"":""  mmol\/l""}",99,1,NULL,2025-09-18 08:10:30,2025-09-18 08:10:30
453,NORMAL,463,Prot,Protéinorachie,,0,1,1,4,"{""val_ref"":""A: 0.15-0.45    E: 0.3 -1      "",""unite"":""  g\/l""}",99,1,NULL,2025-09-19 08:10:30,2025-09-19 08:10:30
454,PARENT,0,UMA24_,MICROALBUMINURIE DES 24 HEURES,La microalbuminurie est le dosage de lalbumine dans les urines. &quot;Micro&quot; ne concerne pas lalbumine qui est une grosse protéine mais bien la faible quantité qui va devoir être détectée dans les urines (inférieure à 300 mg/18 heures),20000,1,1,1,NULL,NULL,1,NULL,2025-09-20 08:10:30,2025-09-20 08:10:30
455,NORMAL,454,UMA24ALBUMINURIE,Albuminurie,,0,1,1,4,"{""val_ref"":"""",""unite"":""  mg\/L  ""}",99,1,NULL,2025-09-21 08:10:30,2025-09-21 08:10:30
456,NORMAL,454,UMA24Volumeurinaire,Volume urinaire,,0,1,1,4,"{""val_ref"":"""",""unite"":""  L\/24h""}",99,1,NULL,2025-09-22 08:10:30,2025-09-22 08:10:30
457,NORMAL,454,UMA24ALBUMINURIE24 h,Albuminurie des 24h,,0,1,1,4,"{""val_ref"":"""",""unite"":""  mg\/24h""}",99,1,NULL,2025-09-23 08:10:30,2025-09-23 08:10:30
458,NORMAL,454,UMA24CREATININEURINAIRE,Créatinine urinaire,,0,1,1,4,"{""val_ref"":"""",""unite"":""  mmol\/l""}",99,1,NULL,2025-09-24 08:10:30,2025-09-24 08:10:30
459,NORMAL,454,UMA24BandeletteUrinaire,Bandelette  urinaire,,0,1,1,8,"Positive +++
Negative
Positive ++
Positive +",99,1,NULL,2025-09-25 08:10:30,2025-09-25 08:10:30
460,NORMAL,454,UMA24AlbuminurieCréatininurie,Albuminurie/Créatininurie,,0,1,1,4,"{""val_ref"":"""",""unite"":""  mg\/mmol""}",99,1,NULL,2025-09-26 08:10:30,2025-09-26 08:10:30
461,NORMAL,172,ascitegermeisole,Germe isolé,,0,1,5,15,null,99,1,NULL,2025-09-27 08:10:30,2025-09-27 08:10:30
462,NORMAL,0,URICURIE,URICURIE DES 24H,,0,1,1,4,"{""val_ref"":""1.49 - 4.50"",""unite"":""  mmol\/24h""}",99,1,NULL,2025-09-28 08:10:30,2025-09-28 08:10:30
463,PARENT,0,LCR,LIQUIDE CEPHALO-RACHIDIEN,,40000,1,1,6,NULL,NULL,1,NULL,2025-09-29 08:10:30,2025-09-29 08:10:30
464,PARENT,0,HEMOCULTURE,HEMOCULTURE,,60000,1,5,1,NULL,NULL,1,NULL,2025-09-30 08:10:30,2025-09-30 08:10:30
465,NORMAL,464,HEMOCULTURERESULTAT,Résultat,,0,0,5,7,NULL,1,1,NULL,2025-10-01 08:10:30,2025-10-01 08:10:30
466,NORMAL,464,HEMOCULTUREGERME,Germe Isolé,,0,0,5,15,NULL,2,1,NULL,2025-10-02 08:10:30,2025-10-02 08:10:30
470,NORMAL,445,hémat,Hématies,,0,1,1,4,"{""val_ref"":"""",""unite"":""   \/mm3""}",2,1,NULL,2025-10-03 08:10:30,2025-10-03 08:10:30
471,NORMAL,445,leuc,Leucocytes,La formule leucocytaire n'est pas recommandée lorsque le taux des leucocytes est inférieur à 7.,0,1,1,10,"{""unite"":""  \/mm3"",""val_min"":""9.999""}",1,1,NULL,2025-10-04 08:10:30,2025-10-04 08:10:30
472,PARENT,444,lcrExamenApresCulture2,Examen après culture,,0,1,1,1,NULL,99,1,NULL,2025-10-05 08:10:30,2025-10-05 08:10:30
473,CHILD,472,LCR_GERME2,Germe isolé,,0,0,1,15,NULL,99,1,NULL,2025-10-06 08:10:30,2025-10-06 08:10:30
474,PARENT,0,SPERMOGRAMME,SPERMOGRAMME,,0,1,7,1,NULL,NULL,1,NULL,2025-10-07 08:10:30,2025-10-07 08:10:30
475,CHILD,474,SPERMO_heure,Heure du recueil,,0,1,7,7,NULL,99,1,NULL,2025-10-08 08:10:30,2025-10-08 08:10:30
476,PARENT,474,SPERMO_caracteres_physico,CARACTERES PHYSICO-CHIMIQUES,,0,1,7,1,NULL,99,1,NULL,2025-10-09 08:10:30,2025-10-09 08:10:30
477,NORMAL,476,SPERMO_Volume,Volume,,0,0,7,4,"{""val_ref"":""2.0 \u00e0 5.0"",""unite"":""mL""}",99,1,NULL,2025-10-10 08:10:30,2025-10-10 08:10:30
478,NORMAL,476,SPERMO_ph,pH,,0,0,7,4,"{""val_ref"":""7.2 \u00e0 7.8"",""unite"":""""}",99,1,NULL,2025-10-11 08:10:30,2025-10-11 08:10:30
479,PARENT,474,SPERMO_numeration_cytologie,NUMERATION - CYTOLOGIE,,0,1,7,1,NULL,99,1,NULL,2025-10-12 08:10:30,2025-10-12 08:10:30
480,NORMAL,479,SPERMO_spermato,Spermatozoïdes / ml,,0,0,7,4,"{""val_ref"":""15 \u00e0 200"",""unite"":"" M\/ml""}",99,1,NULL,2025-10-13 08:10:30,2025-10-13 08:10:30
481,NORMAL,479,SPERMO_spermato_totaux,Spermatozoïdes totaux,,0,0,7,4,"{""val_ref"":""> 39"",""unite"":"" M\/Ejac""}",99,1,NULL,2025-10-14 08:10:30,2025-10-14 08:10:30
483,NORMAL,479,SPERMO_leucocytes,Leucocytes,,0,0,7,5,"{""val_ref"":"""",""unite"":"" \/ml""}",99,1,NULL,2025-10-15 08:10:30,2025-10-15 08:10:30
484,PARENT,474,SPERMO_etude_mobilite,ETUDE DE LA MOBILITE - VITALITE,,0,1,7,1,NULL,99,1,NULL,2025-10-16 08:10:30,2025-10-16 08:10:30
485,NORMAL,484,SPERMO_vitalite,Vitalité à l'émission,,0,0,7,4,"{""val_ref"":"""",""unite"":""%""}",99,1,NULL,2025-10-17 08:10:30,2025-10-17 08:10:30
486,NORMAL,484,SPERMO_mobilite_1H,Mobilité à 1 heures,,0,0,7,4,"{""val_ref"":""50 \u00e0 60"",""unite"":""%""}",99,1,NULL,2025-10-18 08:10:30,2025-10-18 08:10:30
487,NORMAL,484,SPERMO_mobilite_2H,Mobilité à 2 heures,,0,0,7,4,"{""val_ref"":"""",""unite"":""%""}",99,1,NULL,2025-10-19 08:10:30,2025-10-19 08:10:30
488,CHILD,484,SPERMO_mobilite_4H,Mobilité à 4 heures,,0,0,7,7,"{""val_ref"":"""",""unite"":""%""}",99,1,NULL,2025-10-21 08:10:30,2025-10-21 08:10:30
490,CHILD,489,SPERMO_parflagelle,Par le flagelle,,0,0,7,7,NULL,99,1,NULL,2025-10-22 08:10:30,2025-10-22 08:10:30
491,CHILD,489,SPERMO_partete,Par la tête,,0,0,7,7,NULL,99,1,NULL,2025-10-23 08:10:30,2025-10-23 08:10:30
492,CHILD,476,SPERMO_visco,Viscosité,,0,0,7,7,NULL,99,1,NULL,2025-10-24 08:10:30,2025-10-24 08:10:30
493,PARENT,476,SPERMO_couleur,Couleur,,0,0,7,1,NULL,99,1,NULL,2025-10-25 08:10:30,2025-10-25 08:10:30
494,PARENT,0,FCV1,FROTTIS VULVAIRE,,40000,1,5,1,NULL,NULL,1,NULL,2025-10-26 08:10:30,2025-10-26 08:10:30
495,NORMAL,494,fcv1_examen_direct,Examen direct,,0,1,5,8,NULL,99,1,NULL,2025-10-27 08:10:30,2025-10-27 08:10:30
496,NORMAL,495,fcv1_secretion,Sécrétion,,0,1,5,8,"Absence
Minime
Peu abondante
Abondante
Autre",99,1,NULL,2025-10-28 08:10:30,2025-10-28 08:10:30
497,PARENT,495,fcv1_col,Col,,0,0,5,1,"Normal
Enflammé
Autre",99,1,NULL,2025-10-29 08:10:30,2025-10-29 08:10:30
498,NORMAL,495,fcv1_aletatfrais,A l'état frais,,0,0,5,8,NULL,99,1,NULL,2025-10-30 08:10:30,2025-10-30 08:10:30
499,NORMAL,498,fcv1_celluleepiteliale,Cellules épithéliales,,0,0,5,8,"Rare
Quelques
Assez nombreux
Nombreux",1,1,NULL,2025-10-31 08:10:30,2025-10-31 08:10:30
500,NORMAL,498,fcv1_lecocyte,Leucocytes,,0,0,5,8,"Rare
Quelques
Peu nombreux
Nombreux",2,1,NULL,2025-11-01 08:10:30,2025-11-01 08:10:30
501,NORMAL,498,fcv1hematies,Hématies,,0,0,5,17,"Absence
Rare
Quelques
Peu nombreux
",3,1,NULL,2025-11-02 08:10:30,2025-11-02 08:10:30
502,NORMAL,498,fcv1levure,Lévures,,0,0,5,8,"Absence
Levures assez nombreux
Présence de filaments mycéliens",4,1,NULL,2025-11-03 08:10:30,2025-11-03 08:10:30
503,NORMAL,498,fcv1cluecells,Clue cells,,0,0,5,8,"Absence
Quelques
Nombreux",5,1,NULL,2025-11-04 08:10:30,2025-11-04 08:10:30
504,NORMAL,498,fcv1koh,Test à KOH,,0,0,5,8,"Négatif
Positif",6,1,NULL,2025-11-05 08:10:30,2025-11-05 08:10:30
505,NORMAL,498,fcv1oeuf,Oeufs de Schistosoma haematobium,,0,0,5,8,"Absence
Quelques
Assez nombreux",7,1,NULL,2025-11-06 08:10:30,2025-11-06 08:10:30
506,PARENT,498,fcvtricomonas,Trichomonas vaginalis,,0,0,5,1,"Absence
Quelques
Assez nombreux",99,1,NULL,2025-11-07 08:10:30,2025-11-07 08:10:30
507,NORMAL,495,fcv1colorationdegram,Après coloration de Gram,,0,1,5,8,NULL,99,1,NULL,2025-11-08 08:10:30,2025-11-08 08:10:30
508,NORMAL,507,fcv1bacillesdedoderlein,Bacilles de Doderleïn,,0,0,5,8,"Absence
Quelques
Assez nombreux
Nombreux",99,1,NULL,2025-11-09 08:10:30,2025-11-09 08:10:30
509,CHILD,507,fcv1dgn,Diplocoque à Gram négatif,,0,0,5,18,"Absence
Assez nombreux",99,1,NULL,2025-11-10 08:10:30,2025-11-10 08:10:30
510,PARENT,507,fcv1fv,Flore vaginale,,0,0,5,1,NULL,99,1,NULL,2025-11-11 08:10:30,2025-11-11 08:10:30
511,CHILD,494,fcv1examenculture,Examen après culture,,0,1,5,12,NULL,99,1,NULL,2025-11-12 08:10:30,2025-11-12 08:10:30
512,CHILD,511,fcv1germeisole,Germe isolé,,0,0,5,15,NULL,99,1,NULL,2025-11-13 08:10:30,2025-11-13 08:10:30
513,CHILD,511,fcv1ng,Neisseria gonorrhoeae,,0,0,5,7,NULL,99,1,NULL,2025-11-14 08:10:30,2025-11-14 08:10:30
514,PARENT,511,fcv1_Candidose,Candidose,,0,0,5,1,NULL,99,1,NULL,2025-11-15 08:10:30,2025-11-15 08:10:30
515,PARENT,0,PVG,Prélèvement de gorge,,0,1,5,1,NULL,NULL,1,NULL,2025-11-16 08:10:30,2025-11-16 08:10:30
516,NORMAL,515,PG_examen_direct,Examen direct,,0,0,5,8,NULL,99,1,NULL,2025-11-17 08:10:30,2025-11-17 08:10:30
517,NORMAL,516,PG_leucocytes,Leucocytes,,0,0,5,8,"Absence
Rare
Quelques
Peu nombreux
Nombreux",99,1,NULL,2025-11-18 08:10:30,2025-11-18 08:10:30
518,NORMAL,516,PG_hematie,Hématie,,0,0,5,8,"Absence
Rare
Quelques
Peu nombreux
Nombreux",99,1,NULL,2025-11-19 08:10:30,2025-11-19 08:10:30
519,NORMAL,516,PG_filaments, Filaments mycéliens,,0,0,5,8,"Absence
Quelques
Nombreux",99,1,NULL,2025-11-20 08:10:30,2025-11-20 08:10:30
520,PARENT,516,PG_levure,Lévure,,0,0,5,1,"Absence
Quelques
Nombreux",99,1,NULL,2025-11-21 08:10:30,2025-11-21 08:10:30
521,CHILD,515,PG_examen_apres_culture,Examen après culture,,0,0,5,7,NULL,99,1,NULL,2025-11-22 08:10:30,2025-11-22 08:10:30
522,CHILD,521,PG_Candidose,Candidose,,0,0,5,12,NULL,99,1,NULL,2025-11-23 08:10:30,2025-11-23 08:10:30
523,NORMAL,521,PG_germe,Germe isolé,,0,0,5,15,NULL,99,1,NULL,2025-11-24 08:10:30,2025-11-24 08:10:30
524,CHILD,110,PALU_espece,Espèce du Plasmodium,,0,0,3,7,"Absence
Trophozoïtes de Plasmodium falciparum
Trophozoïtes de Plasmodium ovale
Trophozoïtes Plasmodium vivax
Trophozoïtes de Plasmodium malariae
Trophozoïtes de Plasmodium knowlesi",97,1,NULL,2025-11-25 08:10:30,2025-11-25 08:10:30
525,NORMAL,209,PRELEVEMENT_PUS_ORIGINE, Origine de prélèvement,,0,0,5,7,NULL,99,1,NULL,2025-11-26 08:10:30,2025-11-26 08:10:30
526,NORMAL,201,Rub_IgM,IgM,,0,1,4,4,"{""0"":""NEGATIF"",""1"":""POSITIF_2"",""val_ref"":""""}",98,1,NULL,2025-11-27 08:10:30,2025-11-27 08:10:30
527,NORMAL,0,cal,Calciurie des 24h,,6000,1,1,4,"{""val_ref"":""2.50 - 7.50"",""unite"":""  mmol\/24h""}",NULL,1,NULL,2025-11-28 08:10:30,2025-11-28 08:10:30
528,NORMAL,0,Ur,Uricurie des 24h,,0,1,1,4,"{""val_ref"":""2.37 - 4.75"",""unite"":""  mmol\/24h""}",NULL,1,NULL,2025-11-29 08:10:30,2025-11-29 08:10:30
529,NORMAL,0,CORTISOLEMIE,CORTISOLEMIE (8h),,0,1,7,4,"{""val_ref"":""201.31 - 536.54"",""unite"":""    nmol\/l""}",NULL,1,NULL,2025-11-30 08:10:30,2025-11-30 08:10:30
530,NORMAL,0,CORTISOLEMIE 16,CORTISOLEMIE (16h),"Le taux  peut être au dessus de la normale  en cas de tumeur maligne (taux élevé) ou daffections non tumorales (inflammations, ulcère gastroduodénale,... Résultat à interpréter avec la clinique.",0,1,7,4,"{""val_ref"":""65.78 - 330.85"",""unite"":""  nmol\/ml""}",NULL,1,NULL,2025-12-01 08:10:30,2025-12-01 08:10:30
531,NORMAL,0,ACE,Antigène Carcino-Embryonnaire (ACE),,0,1,6,9,"{""val_ref"":""0 - 5 "",""unite"":""  ng\/ml""}",NULL,1,NULL,2025-12-02 08:10:30,2025-12-02 08:10:30
532,NORMAL,0,Ag H. Pylori,Helicobater pylori dans les selles (antigènes),,0,1,6,4,NULL,NULL,1,NULL,2025-12-03 08:10:30,2025-12-03 08:10:30
533,PARENT,155,LiqArt Glucose,Glucose,,0,0,1,1,"{""val_ref"":""3.9 - 6.1"",""unite"":""mmol\/l""}",99,1,NULL,2025-12-04 08:10:30,2025-12-04 08:10:30
534,NORMAL,0,DEN,Sérologie de la Dengue,,0,1,4,2,NULL,99,1,NULL,2025-12-05 08:10:30,2025-12-05 08:10:30
536,NORMAL,534,Ag,Recherche d'Antigènes,,0,1,4,2,"[""NEGATIF"",""POSITIF_1""]",99,1,NULL,2025-12-06 08:10:30,2025-12-06 08:10:30
537,NORMAL,534,IgM,Anticorps IgM,,0,1,4,2,"[""NEGATIF"",""POSITIF_1""]",99,1,NULL,2025-12-07 08:10:30,2025-12-07 08:10:30
538,PARENT,534,IgG,Anticorps IgG,,0,1,4,2,"[""NEGATIF"",""POSITIF_1""]",99,1,NULL,2025-12-08 08:10:30,2025-12-08 08:10:30
539,NORMAL,0,HERPES,HERPES GENITAL,,0,1,4,2,NULL,99,1,NULL,2025-12-09 08:10:30,2025-12-09 08:10:30
540,NORMAL,539,HSV2 igm,Anticorps anti-HSV2 de type IgM,,0,1,4,2,"[""NEGATIF"",""POSITIF_1""]",99,1,NULL,2025-12-10 08:10:30,2025-12-10 08:10:30
541,PARENT,539,HSV2 igg,Anticorps anti-HSV2 de type IgG,,0,1,4,2,"[""NEGATIF"",""POSITIF_1""]",99,1,NULL,2025-12-11 08:10:30,2025-12-11 08:10:30
542,NORMAL,0,Covid,Sérologie SARS-CoV-2,,0,1,4,2,NULL,NULL,1,NULL,2025-12-12 08:10:30,2025-12-12 08:10:30
543,NORMAL,542,COV_Ac,Anticorps IgM,,0,1,4,2,"[""NEGATIF"",""POSITIF_1""]",99,1,NULL,2025-12-13 08:10:30,2025-12-13 08:10:30
544,NORMAL,542,COV_IGG,Anticorps IgG,,0,1,4,2,"[""NEGATIF"",""POSITIF_1""]",99,1,NULL,2025-12-14 08:10:30,2025-12-14 08:10:30
546,NORMAL,0,COV_Ag,Recherche d'antigène SARS-CoV-2,,0,1,8,2,"[""NEGATIF"",""POSITIF_1""]",NULL,1,NULL,2025-12-14 08:10:31,2025-12-14 08:10:31
